000	—	—	—	—	—	—	—	—	—
002	ディストリト首都地区	Distrito Federal	District Fédéral	Caracas D.F.	Distretto Capitale	Distrito Capital	首都区	베네수엘라 연방구	首都區
003	アマソナス	Amazonas	Amazone	Amazonas	Amazonas	Amazonas	亚马孙边疆区	아마소나스	亞馬孫邊疆區
004	アンソアテギ	Anzoátegui	Anzoátegui	Anzoátegui	Anzoátegui	Anzoátegui	安索阿特吉州	안소아테기	安索阿特吉州
005	アプレ	Apure	Apure	Apure	Apure	Apure	阿普雷州	아푸레	阿普雷州
006	アラグア	Aragua	Aragua	Aragua	Aragua	Aragua	阿拉瓜州	아라과	阿拉瓜州
007	バリナス	Barinas	Barinas	Barinas	Barinas	Barinas	巴里纳斯州	바리나스	巴裏納斯州
008	ボリーバル	Bolívar	Bolívar	Bolívar	Bolívar	Bolívar	玻利瓦尔州	볼리바르	玻利瓦爾州
009	カラボボ	Carabobo	Carabobo	Carabobo	Carabobo	Carabobo	卡拉沃沃州	카라보보	卡拉沃沃州
010	コヘデス	Cojedes	Cojedes	Cojedes	Cojedes	Cojedes	科赫德斯州	코헤데스	科赫德斯州
011	デルタ・アマクロ	Delta Amacuro	Delta Amacuro	Delta Amacuro	Delta Amacuro	Delta Amacuro	阿马库罗三角洲边疆区	델타아마쿠로	阿馬庫羅三角洲邊疆區
012	ファルコン	Falcón	Falcón	Falcón	Falcón	Falcón	法尔孔州	팔콘	法爾孔州
013	グアリコ	Guárico	Guárico	Guárico	Guárico	Guárico	瓜里科州	과리코	瓜裏科州
014	ララ	Lara	Lara	Lara	Lara	Lara	拉腊州	라라	拉臘州
015	メリダ	Mérida	Mérida	Mérida	Mérida	Mérida	梅里达州	메리다	梅裏達州
016	ミランダ	Miranda	Miranda	Miranda	Miranda	Miranda	米兰达州	미란다	米蘭達州
017	モナガス	Monagas	Monagas	Monagas	Monagas	Monagas	莫纳加斯州	모나가스	莫納加斯州
018	ヌエバエスパルタ	Nueva Esparta	Nueva Esparta	Nueva Esparta	Nueva Esparta	Nueva Esparta	新埃斯帕塔州	누에바에스파르타	新埃斯帕塔州
019	ポルトゥゲサ	Portuguesa	Portuguesa	Portuguesa	Portuguesa	Portuguesa	波图格萨州	포르투게사	波圖格薩州
020	スクレ	Sucre	Sucre	Sucre	Sucre	Sucre	苏克雷州	수크레	蘇克雷州
021	タチラ	Táchira	Táchira	Táchira	Táchira	Táchira	塔奇拉州	타치라	塔奇拉州
022	トルヒーヨ	Trujillo	Trujillo	Trujillo	Trujillo	Trujillo	特鲁希略州	트루히요	特魯希略州
023	ヤラクイ	Yaracuy	Yaracuy	Yaracuy	Yaracuy	Yaracuy	亚拉奎州	야라쿠이	亞拉奎州
024	スリア	Zulia	Zulia	Zulia	Zulia	Zulia	苏利亚州	술리아	蘇利亞州
025	連邦保護領	Dependencias Federales	Dépendances Fédérales	Dependencias Federales	Dipendenze Federali	Dependencias Federales	联邦属地	베네수엘라 연방자치령	聯邦屬地
026	バルガス	Vargas	Vargas	Vargas	Vargas	Vargas	巴尔加斯州	바르가스	巴爾加斯州