000,—,—,—,—,—,—,—,—
002,リスボン県,Lisbon,Lisbonne,Lissabon,Lisbona,Distrito de Lisboa,里斯本区,리스보아 주
007,マディラ自治州,Madeira,Madère,Madeira,Madera,Madeira,马德拉自治区,마데이라 주
008,アソレス自治州,Azores,Açores,Azoren,Azzorre,Azores,亚速尔自治区,아소르스 주
009,アヴェイロ県,Aveiro,Aveiro,Aveiro,Aveiro,Distrito de Aveiro,阿威罗区,아베이루 주
010,ベージャ県,Beja,Beja,Beja,Beja,Distrito de Beja,贝雅区,베자 주
011,ブラガ県,Braga,Braga,Braga,Braga,Distrito de Braga,布拉加区,브라가 주
012,ブラガンサ県,Bragança,Bragança,Bragança,Bragança,Distrito de Braganza,布拉甘萨区,브라간사 주
013,カステロ・ブランコ県,Castelo Branco,Castelo Branco,Castelo Branco,Castelo Branco,Distrito de Castelo Branco,布朗库堡区,카스텔루브랑쿠 주
014,コインブラ県,Coimbra,Coimbra,Coimbra,Coimbra,Distrito de Coímbra,科英布拉区,코임브라 주
015,エヴォラ県,Évora,Évora,Évora,Évora,Distrito de Évora,埃武拉区,에보라 주
016,ファーロ県,Faro,Faro,Faro,Faro,Distrito de Faro,法鲁区,파로 주
017,グアルダ県,Guarda,Guarda,Guarda,Guarda,Distrito de Guarda,瓜达区,구아르다 주
018,レイリア県,Leiria,Leiria,Leiria,Leiria,Distrito de Leiria,莱里亚区,레이리아 주
019,ポルタレグレ県,Portalegre,Portalegre,Portalegre,Portalegre,Distrito de Portalegre,波塔莱格里区,포르탈레그르 주
020,ポルト県,Porto,Porto,Porto,Porto,Distrito de Oporto,波尔图区,포르투 주
021,サンタレン県,Santarém,Santarém,Santarém,Santarém,Distrito de Santarém,圣塔伦区,산타렝 주
022,セトゥーバル県,Setúbal,Setúbal,Setúbal,Setúbal,Distrito de Setúbal,塞图巴尔区,세투발 주
023,ヴィアナ・ド・カステロ県,Viana do Castelo,Viana do Castelo,Viana do Castelo,Viana do Castelo,Distrito de Viana do Castelo,维亚纳堡区,비아나두카스텔루 주
024,ヴィラ・レアル県,Vila Real,Vila Real,Vila Real,Vila Real,Distrito de Vila Real,雷阿尔城区,빌라헤알 주
025,ヴィゼウ県,Viseu,Viseu,Viseu,Viseu,Distrito de Viseu,维塞乌区,비제우 주