000,—,—,—,—,—,—,—,—
002,マナグア,Managua,Managua,Managua,Managua,Managua,马那瓜省,마나과
003,ボアコ,Boaco,Boaco,Boaco,Boaco,Boaco,博阿科省,보아코
004,カラソ,Carazo,Carazo,Carazo,Carazo,Carazo,卡拉索省,카라소
005,チナンデガ,Chinandega,Chinandega,Chinandega,Chinandega,Chinandega,奇南德加省,치난데가
006,チョンタレス,Chontales,Chontales,Chontales,Chontales,Chontales,琼塔莱斯省,촌탈레스
007,エステリ,Estelí,Estelí,Estelí,Estelí,Estelí,埃斯特利省,에스텔리
008,グラナダ,Granada,Granada,Granada,Granada,Granada,格拉纳达省,그라나다
009,ヒノテガ,Jinotega,Jinotega,Jinotega,Jinotega,Jinotega,希诺特加省,히노테가
010,レオン,León,León,León,León,León,莱昂省,레온 주
011,マドリス,Madriz,Madriz,Madriz,Madriz,Madriz,马德里斯省,마드리스
012,マサヤ,Masaya,Masaya,Masaya,Masaya,Masaya,马萨亚省,마사야
013,マタガルパ,Matagalpa,Matagalpa,Matagalpa,Matagalpa,Matagalpa,马塔加尔帕省,마타갈파
014,ヌエバ・セゴビア,Nueva Segovia,Nueva Segovia,Nueva Segovia,Nueva Segovia,Nueva Segovia,新塞哥维亚省,누에바세고비아
015,リオ・サン・フアン,Río San Juan,Río San Juan,Río San Juan,Río San Juan,Río San Juan,圣胡安河省,리오산후안
016,リバス,Rivas,Rivas,Rivas,Rivas,Rivas,里瓦斯省,리바스
017,北アトランティコ自治地域,Atlántico Norte,Región Autónoma del Atlántico Norte,Región Autónoma del Atlántico Norte,Atlantico Settentrionale,Atlántico Norte,北大西洋自治区,북아틀란티코 자치구
018,南アトランティコ自治地域,Atlántico Sur,Región Autónoma del Atlántico Sur,Región Autónoma del Atlántico Sur,Atlantico Meridionale,Atlántico Sur,南大西洋自治区,남아틀란티코 자치구