000,—,—,—,—,—,—,—,—
002,コロンビア特別区,District of Columbia,Washington (District de Columbia),District of Columbia,Distretto di Columbia,Distrito de Columbia,哥伦比亚特区,컬럼비아 특별구
003,アラスカ州,Alaska,Alaska,Alaska,Alaska,Alaska,阿拉斯加州,알래스카 주
004,アラバマ州,Alabama,Alabama,Alabama,Alabama,Alabama,亚拉巴马州,앨라배마 주
005,アーカンソー州,Arkansas,Arkansas,Arkansas,Arkansas,Arkansas,阿肯色州,아칸소 주
006,アリゾナ州,Arizona,Arizona,Arizona,Arizona,Arizona,亚利桑那州,애리조나 주
007,カリフォルニア州,California,Californie,Kalifornien,California,California,加利福尼亚州,캘리포니아 주
008,コロラド州,Colorado,Colorado,Colorado,Colorado,Colorado,科罗拉多州,콜로라도 주
009,コネティカット州,Connecticut,Connecticut,Connecticut,Connecticut,Connecticut,康涅狄格州,코네티컷 주
010,デラウェア州,Delaware,Delaware,Delaware,Delaware,Delaware,特拉华州,델라웨어 주
011,フロリダ州,Florida,Floride,Florida,Florida,Florida,佛罗里达州,플로리다 주
012,ジョージア州,Georgia,Géorgie,Georgia,Georgia,Georgia,佐治亚州,조지아 주
013,ハワイ州,Hawaii,Hawaï,Hawaii,Hawaii,Hawái,夏威夷州,하와이 주
014,アイオワ州,Iowa,Iowa,Iowa,Iowa,Iowa,艾奥瓦州,아이오와 주
015,アイダホ州,Idaho,Idaho,Idaho,Idaho,Idaho,爱达荷州,아이다호 주
016,イリノイ州,Illinois,Illinois,Illinois,Illinois,Illinois,伊利诺伊州,일리노이 주
017,インディアナ州,Indiana,Indiana,Indiana,Indiana,Indiana,印第安纳州,인디애나 주
018,カンザス州,Kansas,Kansas,Kansas,Kansas,Kansas,堪萨斯州,캔자스 주
019,ケンタッキー州,Kentucky,Kentucky,Kentucky,Kentucky,Kentucky,肯塔基州,켄터키 주
020,ルイジアナ州,Louisiana,Louisiane,Louisiana,Luisiana,Luisiana,路易斯安那州,루이지애나 주
021,マサチューセッツ州,Massachusetts,Massachusetts,Massachusetts,Massachusetts,Massachusetts,马萨诸塞州,매사추세츠 주
022,メリーランド州,Maryland,Maryland,Maryland,Maryland,Maryland,马里兰州,메릴랜드 주
023,メーン州,Maine,Maine,Maine,Maine,Maine,缅因州,메인 주
024,ミシガン州,Michigan,Michigan,Michigan,Michigan,Míchigan,密歇根州,미시간 주
025,ミネソタ州,Minnesota,Minnesota,Minnesota,Minnesota,Minnesota,明尼苏达州,미네소타 주
026,ミズーリ州,Missouri,Missouri,Missouri,Missouri,Misuri,密苏里州,미주리 주
027,ミシシッピ州,Mississippi,Mississippi,Mississippi,Mississippi,Misisipi,密西西比州,미시시피 주
028,モンタナ州,Montana,Montana,Montana,Montana,Montana,蒙大拿州,몬태나 주
029,ノースカロライナ州,North Carolina,Caroline du Nord,North Carolina,Carolina del Nord,Carolina del Norte,北卡罗来纳州,노스캐롤라이나 주
030,ノースダコタ州,North Dakota,Dakota du Nord,North Dakota,Dakota del Nord,Dakota del Norte,北达科他州,노스다코타 주
031,ネブラスカ州,Nebraska,Nebraska,Nebraska,Nebraska,Nebraska,内布拉斯加州,네브래스카 주
032,ニューハンプシャー州,New Hampshire,New Hampshire,New Hampshire,New Hampshire,Nuevo Hampshire,新罕布什尔州,뉴햄프셔 주
033,ニュージャージー州,New Jersey,New Jersey,New Jersey,New Jersey,Nueva Jersey,新泽西州,뉴저지 주
034,ニューメキシコ州,New Mexico,Nouveau-Mexique,New Mexico,Nuovo Messico,Nuevo México,新墨西哥州,뉴멕시코 주
035,ネバダ州,Nevada,Nevada,Nevada,Nevada,Nevada,内华达州,네바다 주
036,ニューヨーク州,New York,New York,New York,New York,Nueva York,纽约州,뉴욕 주
037,オハイオ州,Ohio,Ohio,Ohio,Ohio,Ohio,俄亥俄州,오하이오 주
038,オクラホマ州,Oklahoma,Oklahoma,Oklahoma,Oklahoma,Oklahoma,俄克拉何马州,오클라호마 주
039,オレゴン州,Oregon,Oregon,Oregon,Oregon,Oregón,俄勒冈州,오리건 주
040,ペンシルベニア州,Pennsylvania,Pennsylvanie,Pennsylvania,Pennsylvania,Pensilvania,宾夕法尼亚州,펜실베이니아 주
041,ロードアイランド州,Rhode Island,Rhode Island,Rhode Island,Rhode Island,Rhode Island,罗得岛州,로드아일랜드 주
042,サウスカロライナ州,South Carolina,Caroline du Sud,South Carolina,Carolina del Sud,Carolina del Sur,南卡罗来纳州,사우스캐롤라이나 주
043,サウスダコタ州,South Dakota,Dakota du Sud,South Dakota,Dakota del Sud,Dakota del Sur,南达科他州,사우스다코타 주
044,テネシー州,Tennessee,Tennessee,Tennessee,Tennessee,Tennessee,田纳西州,테네시 주
045,テキサス州,Texas,Texas,Texas,Texas,Texas,得克萨斯州,텍사스 주
046,ユタ州,Utah,Utah,Utah,Utah,Utah,犹他州,유타 주
047,バージニア州,Virginia,Virginie,Virginia,Virginia,Virginia,弗吉尼亚州,버지니아 주
048,バーモント州,Vermont,Vermont,Vermont,Vermont,Vermont,佛蒙特州,버몬트 주
049,ワシントン州,Washington,Washington,Washington,Stato di Washington,Washington,华盛顿州,워싱턴 주
050,ウィスコンシン州,Wisconsin,Wisconsin,Wisconsin,Wisconsin,Wisconsin,威斯康星州,위스콘신 주
051,ウェストバージニア州,West Virginia,Virginie Occidentale,West Virginia,Virginia Occidentale,Virginia Occidental,西弗吉尼亚州,웨스트버지니아 주
052,ワイオミング州,Wyoming,Wyoming,Wyoming,Wyoming,Wyoming,怀俄明州,와이오밍 주
053,プエルトリコ,Puerto Rico,Porto Rico,Puerto Rico,Porto Rico,Puerto Rico,波多黎各,푸에르토리코 주