000,—,—,—,—,—,—,—,—
002,セント・トーマス,Saint Thomas,Saint-Thomas,Saint Thomas,Saint Thomas,Saint Thomas,圣托马斯区,세인트토머스
003,クラレンドン,Clarendon,Clarendon,Clarendon,Clarendon,Clarendon,克拉伦登区,클래런던
004,ハノーバー,Hanover,Hanover,Hanover,Hanover,Hanover,汉诺威区,해노버
005,マンチェスター,Manchester,Manchester,Manchester,Manchester,Manchester,曼彻斯特区,맨체스터
006,ポートランド,Portland,Portland,Portland,Portland,Portland,波特兰区,포틀랜드
007,セント・アンドリュー,Saint Andrew,Saint Andrew,Saint Andrew,Saint Andrew,Saint Andrew,圣安德鲁区,세인트앤드루
008,セント・アン,Saint Ann,Saint Ann,Saint Ann,Saint Ann,Saint Ann,圣安娜区,세인트앤
009,セント・キャサリン,Saint Catherine,Saint Catherine,Saint Catherine,Saint Catherine,Saint Catherine,圣凯瑟琳区,세인트캐서린
010,セント・エリザベス,Saint Elizabeth,Saint Elizabeth,Saint Elizabeth,Saint Elizabeth,Saint Elizabeth,圣伊丽莎白区,세인트엘리자베스
011,セント・ジェームズ,Saint James,Saint James,Saint James,Saint James,Saint James,圣詹姆斯区,세인트제임스
012,セント・メアリー,Saint Mary,Saint Mary,Saint Mary,Saint Mary,Saint Mary,圣玛丽区,세인트메리
013,トレローニー,Trelawny,Trelawny,Trelawny,Trelawny,Trelawny,特里洛尼区,트렐로니
014,ウェストモアランド,Westmoreland,Westmoreland,Westmoreland,Westmoreland,Westmoreland,西摩兰区,웨스트모얼랜드
015,キングストン,Kingston,Kingston,Kingston,Kingston,Kingston,金斯敦区,킹스턴