000,—,—,—,—,—,—,—,—
002,ポート・オブ・スペイン,Port-of-Spain,Port d'Espagne,Port-of-Spain,Port of Spain,Puerto España,西班牙港市,포트오브스페인
003,アリマ,Arima,Arima,Arima,Arima,Arima,阿里马市,아리마
004,カロニ州,Caroni,Caroni,Caroni,Caroni,Caroni,卡罗尼郡,카로니 주
005,マジャロ州,Mayaro,Mayaro,Mayaro,Mayaro,Mayaro,马亚罗郡,마야로 주
006,ナリバ州,Nariva,Nariva,Nariva,Nariva,Nariva,纳里瓦郡,나리바 주
007,セント・アンドリュー州,Saint Andrew,Saint Andrew,Saint Andrew,Saint Andrew,Saint Andrew,圣安德鲁郡,세인트앤드루 주
008,セント・デビッド州,Saint David,Saint David,Saint David,Saint David,Saint David,圣戴维郡,세인트데이비드 주
009,セント・ジョージ州,Saint George,Saint George,Saint George,Saint George,Saint George,圣乔治郡,세인트조지 주
010,セント・パトリック州,Saint Patrick,Saint Patrick,Saint Patrick,Saint Patrick,Saint Patrick,圣帕特里克郡,세인트패트릭 주
011,サン・フェルナンド,San Fernando,San Fernando,San Fernando,San Fernando,San Fernando,圣费尔南多市,산페르난도
012,トバゴ島,Tobago,Tobago,Tobago,Tobago,Tobago,多巴哥岛,토바고
013,ビクトリア州,Victoria,Victoria,Victoria,Victoria,Victoria,维多利亚郡,빅토리아 주
014,ポイントフォーティン,Point Fortin,Point Fortin,Point Fortin,Point Fortin,Point Fortin,福廷岬市,포인트포르틴