000,—,—,—,—,—,—,—,—
002,ブダペスト,Budapest,Budapest,Budapest,Budapest,Budapest,布达佩斯市,부다페스트
003,バーチ・キシュクン州,Bács-Kiskun County,Bács-Kiskun,Bács-Kiskun,Bács-Kiskun,Bács-Kiskun,巴奇-基什孔州,바치키슈쿤 주
004,バラニャ州,Baranya County,Baranya,Baranya,Baranya,Baranya,巴兰尼亚州,버러녀 주
005,ベーケーシュ州,Békés County,Békés,Békés,Békés,Békés,贝凯什州,베케시 주
006,ボルショド・アバウーイ・ゼンプレーン州,Borsod-Abaúj-Zemplén County,Borsod-Abaúj-Zemplén,Borsod-Abaúj-Zemplén,Borsod-Abaúj-Zemplén,Borsod-Abaúj-Zemplén,包尔绍德-奥包乌伊-曾普伦州,보르쇼드어버우이젬플렌 주
007,チョングラード州,Csongrád County,Csongrád,Csongrád,Csongrád,Csongrád,琼格拉德州,촌그라드 주
008,フェイェール州,Fejér County,Fejér,Fejér,Fejér,Fejér,费耶尔州,페예르 주
009,ジェール・モション・ショプロン州,Győr-Moson-Sopron County,Győr-Moson-Sopron,Győr-Moson-Sopron,Győr-Moson-Sopron,Győr-Moson-Sopron,杰尔-莫松-肖普朗州,죄르모숀쇼프론 주
010,ハイドゥー・ヒバル州,Hajdú-Bihar County,Hajdú-Bihar,Hajdú-Bihar,Hajdú-Bihar,Hajdú-Bihar,豪伊杜-比豪尔州,허이두 비허르 주
011,ヘヴェシュ州,Heves County,Heves,Heves,Heves,Heves,赫维什州,헤베시 주
012,ヤース・ナチクン・ソルノク州,Jász-Nagykun-Szolnok County,Jász-Nagykun-Szolnok,Jász-Nagykun-Szolnok,Jász-Nagykun-Szolnok,Jász-Nagykun-Szolnok,加兹-纳杰孔-索尔诺克州,야스너지쿤솔노크 주
013,コマーロム・エステルゴム州,Komárom-Esztergom County,Komárom-Esztergom,Komárom-Esztergom,Komárom-Esztergom,Komárom-Esztergom,科马罗姆-埃斯泰尔戈姆州,코마롬에스테르곰 주
014,ノーグラード州,Nógrád County,Nógrád,Nógrád,Nógrád,Nógrád,诺格拉德州,노그라드 주
015,ペシュト州,Pest County,Pest,Pest,Pest,Pest,佩斯州,페슈트 주
016,ショモジ州,Somogy County,Somogy,Somogy,Somogy,Somogy,绍莫吉州,쇼모지 주
017,サボルチ・サトマール・ベレグ州,Szabolcs-Szatmár-Bereg County,Szabolcs-Szatmár-Bereg,Szabolcs-Szatmár-Bereg,Szabolcs-Szatmár-Bereg,Szabolcs-Szatmár-Bereg,索博尔奇-索特马尔-贝拉格州,서볼츠서트마르베레그 주
018,トルナ州,Tolna County,Tolna,Tolna,Tolna,Tolna,托尔瑙州,톨너 주
019,ヴァシュ州,Vas County,Vas,Vas,Vas,Vas,沃什州,버시 주
020,ベスプレーム州,Veszprém County,Veszprém,Veszprém,Veszprém,Veszprém,维斯普雷姆州,베스프렘 주
021,ザラ州,Zala County,Zala,Zala,Zala,Zala,佐洛州,절러 주