000,—,—,—,—,—,—,—,—
002,ディストリト・ナショナル首都圏,Distrito Nacional,District National,Distrito Nacional,Distretto Nazionale,Distrito Nacional,国家区,도미니카 행정구
003,アスア,Azua,Azua,Azua,Azua,Azua,阿苏阿省,아수아
004,バオルコ,Baoruco,Baoruco,Baoruco,Baoruco,Baoruco,巴奥鲁科省,바오루코
005,バラオナ,Barahona,Barahona,Barahona,Barahona,Barahona,巴拉奥纳省,바라오나
006,ダハボン,Dajabón,Dajabón,Dajabón,Dajabón,Dajabón,达哈朋省,다하본
007,ドゥアルテ,Duarte,Duarte,Duarte,Duarte,Duarte,杜华德省,두아르테
008,エスパイジャト,Espaillat,Espaillat,Espaillat,Espaillat,Espaillat,艾斯派亚省,에스파이야트
009,インデペンデンシア,Independencia,Independencia,Independencia,Independencia,Independencia,独立省,인데펜덴시아
010,ラ・アルタグラシア,La Altagracia,La Altagracia,La Altagracia,La Altagracia,La Altagracia,圣母省,라알타그라시아
011,エリアス・ピーニャ,Elías Piña,Elías Piña,Elías Piña,Elías Piña,Elías Piña,埃利亚斯皮亚省,엘리아스피냐
012,ラ・ロマーナ,La Romana,La Romana,La Romana,La Romana,La Romana,罗马纳省,라로마나
013,マリア・トリニダー・サンチェス,María Trinidad Sánchez,María Trinidad Sánchez,María Trinidad Sánchez,María Trinidad Sánchez,María Trinidad Sánchez,玛丽亚-桑其斯省,마리아 트리니다드산체스
014,モンテ・クリスティ,Monte Cristi,Monte Cristi,Monte Cristi,Monte Cristi,Monte Cristi,基度山省,몬테크리스티
015,ペデルナレス,Pedernales,Pedernales,Pedernales,Pedernales,Pedernales,佩德纳莱斯省,페데르날레스
016,ペラビア,Peravia,Peravia,Peravia,Peravia,Peravia,佩拉维亚省,페라비아
017,プエルト・プラタ,Puerto Plata,Puerto Plata,Puerto Plata,Puerto Plata,Puerto Plata,银港省,푸에르토 플라타
018,サルセド,Salcedo,Salcedo,Hermanas Mirabal,Salcedo,Salcedo,萨尔塞多省,살세도
019,セマナ,Samaná,Samaná,Samaná,Samaná,Samaná,山美纳省,사마나
020,サンチェス・ラミレス,Sánchez Ramírez,Sánchez Ramírez,Sánchez Ramírez,Sánchez Ramírez,Sánchez Ramírez,桑切斯-拉米斯省,산체스라미레스
021,サン・フアン,San Juan,San Juan,San Juan,San Juan,San Juan,圣胡安省,산후안
022,サン・ペドロ・デ・マコリス,San Pedro de Macorís,San Pedro de Macorís,San Pedro de Macorís,San Pedro de Macorís,San Pedro de Macorís,圣彼德省,산페드로데마코리스
023,サンティアゴ,Santiago,Santiago,Santiago,Santiago,Santiago,圣地亚哥省,산티아고
024,サンティアゴ・ロドリゲス,Santiago Rodríguez,Santiago Rodríguez,Santiago Rodríguez,Santiago Rodríguez,Santiago Rodríguez,圣地亚哥-罗里盖兹省,산티아고로드리게스
025,バルベルデ,Valverde,Valverde,Valverde,Valverde,Valverde,巴韦德省,발베르데
026,エル・セイボ,El Seíbo,El Seibo,El Seíbo,El Seíbo,El Seíbo,赛堡省,엘세이보
027,アト・マジョール,Hato Mayor,Hato Mayor,Hato Mayor,Hato Mayor,Hato Mayor,阿托马约省,아토마요르
028,ラ・ベガ,La Vega,La Vega,La Vega,La Vega,La Vega,拉维加省,라베가
029,モンセニョール・ノウエル,Monseñor Nouel,Monseñor Nouel,Monseñor Nouel,Monseñor Nouel,Monseñor Nouel,主教-瑙黎省,몬세뇨르노우엘
030,モンテ・プラタ,Monte Plata,Monte Plata,Monte Plata,Monte Plata,Monte Plata,银山省,몬테플라타
031,サン・クリストバル,San Cristóbal,San Cristóbal,San Cristóbal,San Cristóbal,San Cristóbal,圣克里斯多堡省,산크리스토발