000,—,—,—,—,—,—,—,—
002,ベルン州,Bern,Berne,Bern,Berna,Berna,伯尔尼州,베른 주
004,アールガウ州,Aargau,Argovie,Aargau,Argovia,Argovia,阿尔高州,아르가우 주
005,バーゼル＝シュタット準州,Basel-City,Bâle-Ville,Basel-Stadt,Basilea Città,Ciudad de Basilea,巴塞尔州,바젤
006,フリブール州,Fribourg,Fribourg,Freiburg,Friburgo,Friburgo,弗里堡州,프리부르 주
007,ジュネーヴ州,Geneva,Genève,Genf,Ginevra,Ginebra,日内瓦州,제네바 주
008,グラールス州,Glarus,Glaris,Glarus,Glarona,Glaris,格拉鲁斯州,글라루스 주
009,グラウビュンデン州,Graubünden,Grisons,Graubünden,Grigioni,Grisones,格劳宾登州,그라우뷘덴 주
010,ジュラ州,Jura,Jura,Jura,Giura,Jura,汝拉州,쥐라 주
011,ルツェルン州,Luzern,Lucerne,Luzern,Lucerna,Lucerna,卢塞恩州,루체른 주
012,ヌシャテル州,Neuchâtel,Neuchâtel,Neuenburg,Neuchâtel,Neuchâtel,纳沙泰尔州,뇌샤텔 주
013,オプバルデン準州,Obwalden,Obwald,Obwalden,Obvaldo,Obwalden,上瓦尔登半州,옵발덴 주
014,ザンクト・ガレン州,St. Gallen,Saint-Gall,Sankt Gallen,San Gallo,Sankt Gallen,圣加仑州,장크트갈렌 주
015,シャフハウゼン州,Schaffhausen,Schaffhouse,Schaffhausen,Sciaffusa,Schaffhausen,沙夫豪森州,샤프하우젠 주
016,シュビーツ州,Schwyz,Schwytz,Schwyz,Svitto,Schwyz,施维茨州,슈비츠 주
017,ゾーロトゥルン州,Solothurn,Soleure,Solothurn,Soletta,Soleura,索洛图恩州,졸로투른 주
018,トゥールガウ州,Thurgau,Thurgovie,Thurgau,Turgovia,Turgovia,图尔高州,투르가우 주
019,ティチーノ州,Ticino,Tessin,Tessin,Ticino,Tesino,提契诺州,티치노 주
020,ウーリ州,Uri,Uri,Uri,Uri,Uri,乌里州,우리 주
021,バレー州,Valais,Valais,Wallis,Vallese,Valais,瓦莱州,발레 주
022,ボー州,Vaud,Vaud,Waadt,Vaud,Vaud,沃州,보 주
023,ツーク州,Zug,Zoug,Zug,Zugo,Zug,楚格州,추크 주
024,チューリヒ州,Zurich,Zurich,Zürich,Zurigo,Zúrich,苏黎世州,취리히 주
025,アッペンツェル・アウサーローデン準州,Appenzell Outer Rhodes,Appenzell Rhodes-Extérieures,Appenzell Ausserrhoden,Appenzello Esterno,Appenzell Rodas Exteriores,外阿彭策尔半州,아펜첼아우서로덴 주
026,アッペンツェル・インナーローデン準州,Appenzell Inner Rhodes,Appenzell Rhodes-Intérieures,Appenzell Innerrhoden,Appenzello Interno,Appenzell Rodas Interiores,内阿彭策尔半州,아펜첼이너로덴 주
027,バーゼル＝ラント準州,Basel-Landschaft,Bâle-Campagne,Basel-Landschaft,Basilea Campagna,Basilea-Campiña,巴塞尔乡村半州,바젤란트 주
028,ニトバルデン準州,Nidwalden,Nidwald,Nidwalden,Nidvaldo,Nidwalden,下瓦尔登半州,니트발덴 주