000	—	—	—	—	—	—	—	—	—
002	アンカラ県	Ankara	Ankara	Ankara	Ankara	Ankara	安卡拉省	앙카라 주	安卡拉省
003	イスタンブル県	İstanbul	İstanbul	İstanbul	Istanbul	Estambul	伊斯坦布尔省	이스탄불 주	伊斯坦布爾省
004	イズミル県	İzmir	İzmir	İzmir	Smirne	İzmir	伊兹密尔省	이즈미르 주	伊茲密爾省
005	ブルサ県	Bursa	Bursa	Bursa	Bursa	Bursa	布尔萨省	부르사 주	布爾薩省
006	アダナ県	Adana	Adana	Adana	Adana	Adana	阿达纳省	아다나 주	阿達納省
007	ガジアンテプ県	Gaziantep	Gaziantep	Gaziantep	Gaziantep	Gaziantep	加济安泰普省	가지안테프 주	加濟安泰普省
008	コニヤ県	Konya	Konya	Konya	Konya	Konya	科尼亚省	코니아 주	科尼亞省
009	アンタリヤ県	Antalya	Antalya	Antalya	Adalia	Antalya	安塔利亚省	안탈리아 주	安塔利亞省
010	ディヤルバクル県	Diyarbakır	Diyarbakır	Diyarbakır	Diyarbakır	Diyarbakır	迪亚巴克尔省	디야르바키르 주	迪亞巴克爾省
011	メルシン県	Mersin	Mersin	Mersin	Mersin	Mersin	梅尔辛省	메르신 주	梅爾辛省
012	カイセリ県	Kayseri	Kayseri	Kayseri	Kayseri	Kayseri	开塞利省	카이세리 주	開塞利省
014	シャンルウルファ県	Şanlıurfa	Şanlıurfa	Şanlıurfa	Şanlıurfa	Şanlıurfa	尚利乌尔法省	샨리우르파 주	尚利烏爾法省
015	マラティヤ県	Malatya	Malatya	Malatya	Malatya	Malatya	马拉蒂亚省	말라티아 주	馬拉蒂亞省
016	エルズルム県	Erzurum	Erzurum	Erzurum	Erzurum	Erzurum	埃尔祖鲁姆省	에르주룸 주	埃爾祖魯姆省
017	サムスン県	Samsun	Samsun	Samsun	Samsun	Samsun	萨姆松省	삼순 주	薩姆松省
018	ワン県	Van	Van	Van	Van	Van	凡省	반 주	凡省
019	カフラマンマラシュ県	Kahramanmaraş	Kahramanmaraş	Kahramanmaraş	Kahramanmaraş	Kahramanmaraş	卡赫拉曼马拉什省	카라만마라슈 주	卡赫拉曼馬拉什省
020	デニズリ県	Denizli	Denizli	Denizli	Denizli	Denizli	代尼兹利省	데니즐리 주	代尼茲利省
021	バトマン県	Batman	Batman	Batman	Batman	Batman	巴特曼省	바트만 주	巴特曼省
022	エラズー県	Elazığ	Elazığ	Elazığ	Elâzığ	Elazığ	埃拉泽省	엘라지 주	埃拉澤省
023	サカリヤ県	Sakarya	Sakarya	Sakarya	Sakarya	Sakarya	萨卡里亚省	사카리아 주	薩卡裏亞省
024	コジャエリ県	Kocaeli	Kocaeli	Kocaeli	Kocaeli	Kocaeli	科贾埃利省	코자엘리 주	科賈埃利省
025	シワス県	Sivas	Sivas	Sivas	Sivas	Sivas	锡瓦斯省	시바스 주	錫瓦斯省
026	マニサ県	Manisa	Manisa	Manisa	Manisa	Manisa	马尼萨省	마니사 주	馬尼薩省
027	トラブゾン県	Trabzon	Trabzon	Trabzon	Trebisonda	Trabzon	特拉布宗省	트라브존 주	特拉布宗省
028	バルケシル県	Balıkesir	Balıkesir	Balıkesir	Balıkesir	Balıkesir	巴勒克埃西尔省	발리케시르 주	巴勒克埃西爾省
029	アディヤマン県	Adıyaman	Adıyaman	Adıyaman	Adıyaman	Adıyaman	阿德亚曼省	아디야만 주	阿德亞曼省
030	テキルダー県	Tekirdağ	Tekirdağ	Tekirdağ	Tekirdağ	Tekirdağ	泰基尔达省	테키르다 주	泰基爾達省
031	クルッカレ県	Kırıkkale	Kırıkkale	Kırıkkale	Kırıkkale	Kırıkkale	克勒克卡莱省	키리칼레 주	克勒克卡萊省
032	オスマニエ県	Osmaniye	Osmaniye	Osmaniye	Osmaniye	Osmaniye	奥斯曼尼菲省	오스마니예 주	奧斯曼尼菲省
033	キュターヤ県	Kütahya	Kütahya	Kütahya	Kütahya	Kütahya	屈塔希亚省	퀴타히아 주	屈塔希亞省
034	チョルム県	Çorum	Çorum	Çorum	Çorum	Çorum	乔鲁姆省	초룸 주	喬魯姆省
035	イスパルタ県	Isparta	Isparta	Isparta	Isparta	Isparta	伊斯帕尔塔省	이스파르타 주	伊斯帕爾塔省
036	アイドゥン県	Aydın	Aydın	Aydın	Aydın	Aydın	艾登省	아이딘 주	艾登省
037	ハタイ県	Hatay	Hatay	Hatay	Hatay	Hatay	哈塔伊省	하타이 주	哈塔伊省
038	マルディン県	Mardin	Mardin	Mardin	Mardin	Mardin	马尔丁省	마르딘 주	馬爾丁省
039	アクサライ県	Aksaray	Aksaray	Aksaray	Aksaray	Aksaray	阿克萨赖省	악사라이 주	阿克薩賴省
040	アフィヨンカラヒサール県	Afyonkarahisar	Afyonkarahisar	Afyonkarahisar	Afyonkarahisar	Afyonkarahisar	阿菲永卡拉希萨尔省	아피온카라히사르 주	阿菲永卡拉希薩爾省
041	トカト県	Tokat	Tokat	Tokat	Tokat	Tokat	托卡特省	토카트 주	託卡特省
042	エディルネ県	Edirne	Edirne	Edirne	Edirne	Edirne	埃迪尔内省	에디르네 주	埃迪爾內省
043	カラマン県	Karaman	Karaman	Karaman	Karaman	Karaman	卡拉曼省	카라만 주	卡拉曼省
044	オルドゥ県	Ordu	Ordu	Ordu	Ordu	Ordu	奥尔杜省	오르두 주	奧爾杜省
045	シイルト県	Siirt	Siirt	Siirt	Siirt	Siirt	锡尔特省	시이르트 주	錫爾特省
046	エルジンジャン県	Erzincan	Erzincan	Erzincan	Erzincan	Erzincan	埃尔津詹省	에르진잔 주	埃爾津詹省
047	チャンクル県	Çankırı	Çankırı	Çankırı	Çankırı	Çankırı	昌克勒省	창키리 주	昌克勒省
048	ゾングルダク県	Zonguldak	Zonguldak	Zonguldak	Zonguldak	Zonguldak	宗古尔达克省	종굴다크 주	宗古爾達克省
049	ヨズガト県	Yozgat	Yozgat	Yozgat	Yozgat	Yozgat	约兹加特省	요즈가트 주	約茲加特省
050	ウシャク県	Uşak	Uşak	Uşak	Uşak	Uşak	乌萨克省	우샤크 주	烏薩克省
051	アール県	Ağrı	Ağrı	Ağrı	Ağrı	Ağrı	阿勒省	아리 주	阿勒省
052	アマシヤ県	Amasya	Amasya	Amasya	Amasya	Amasya	阿马西亚省	아마시아 주	阿馬西亞省
053	アルダハン県	Ardahan	Ardahan	Ardahan	Ardahan	Ardahan	阿尔达罕省	아르다한 주	阿爾達罕省
054	アルトウィン県	Artvin	Artvin	Artvin	Artvin	Artvin	阿尔特温省	아르트빈 주	阿爾特温省
055	バルトゥン県	Bartın	Bartın	Bartın	Bartın	Bartın	巴尔腾省	바르틴 주	巴爾騰省
056	バイブルト県	Bayburt	Bayburt	Bayburt	Bayburt	Bayburt	巴伊布尔特省	바이부르트 주	巴伊布爾特省
057	ビレジク県	Bilecik	Bilecik	Bilecik	Bilecik	Bilecik	比莱吉克省	빌레지크 주	比萊吉克省
058	ビンギョル県	Bingöl	Bingöl	Bingöl	Bingöl	Bingöl	宾格尔省	빙괼 주	賓格爾省
059	ビトリス県	Bitlis	Bitlis	Bitlis	Bitlis	Bitlis	比特利斯省	비틀리스 주	比特利斯省
060	ボル県	Bolu	Bolu	Bolu	Bolu	Bolu	博卢省	볼루 주	博盧省
061	ブルドゥル県	Burdur	Burdur	Burdur	Burdur	Burdur	布尔杜尔省	부르두르 주	布爾杜爾省
062	チャナッカレ県	Çanakkale	Çanakkale	Çanakkale	Çanakkale	Çanakkale	恰纳卡莱省	차나칼레 주	恰納卡萊省
063	デュズジェ県	Düzce	Düzce	Düzce	Düzce	Düzce	迪兹杰省	뒤즈제 주	迪茲傑省
064	エスキシェヒル県	Eskişehir	Eskişehir	Eskişehir	Eskişehir	Eskişehir	埃斯基谢希尔省	에스키셰히르 주	埃斯基謝希爾省
065	ギレスン県	Giresun	Giresun	Giresun	Giresun	Giresun	吉雷松省	기레순 주	吉雷松省
066	ギュミュシュハーネ県	Gümüşhane	Gümüşhane	Gümüşhane	Gümüşhane	Gümüşhane	居米什哈内省	귀뮈샤네 주	居米什哈內省
067	ハッキャリ県	Hakkari	Hakkari	Hakkâri	Hakkâri	Hakkari	哈卡里省	하카리 주	哈卡裏省
068	ウードゥル県	Iğdır	Iğdır	Iğdır	Iğdır	Iğdır	伊迪尔省	이디르 주	伊迪爾省
069	カラビュック県	Karabük	Karabük	Karabük	Karabük	Karabük	卡拉比克省	카라뷔크 주	卡拉比克省
070	カルス県	Kars	Kars	Kars	Kars	Kars	卡尔斯省	카르스 주	卡爾斯省
071	カスタモヌ県	Kastamonu	Kastamonu	Kastamonu	Kastamonu	Kastamonu	卡斯塔莫努省	카스타모누 주	卡斯塔莫努省
072	キリス県	Kilis	Kilis	Kilis	Kilis	Kilis	基利斯省	킬리스 주	基利斯省
073	クルクラーレリ県	Kırklareli	Kırklareli	Kırklareli	Kırklareli	Kırklareli	柯克拉雷利省	키르클라렐리 주	柯克拉雷利省
074	クルシェヒル県	Kırşehir	Kırşehir	Kırşehir	Kırşehir	Kırşehir	克尔谢希尔省	키르셰히르 주	克爾謝希爾省
075	ムーラ県	Muğla	Muğla	Muğla	Muğla	Muğla	穆拉省	물라 주	穆拉省
076	ムシュ県	Muş	Muş	Muş	Muş	Muş	穆什省	무슈 주	穆什省
077	ネヴシェヒル県	Nevşehir	Nevşehir	Nevşehir	Nevşehir	Nevşehir	内夫谢希尔省	네브셰히르 주	內夫謝希爾省
078	ニーデ県	Niğde	Niğde	Niğde	Niğde	Niğde	尼代省	니데 주	尼代省
079	リゼ県	Rize	Rize	Rize	Rize	Rize	里泽省	리제 주	裏澤省
080	シノプ県	Sinop	Sinop	Sinop	Sinope	Sinop	锡诺普省	시노프 주	錫諾普省
081	シュルナク県	Şırnak	Şırnak	Şırnak	Şırnak	Şırnak	锡尔纳克省	시르나크 주	錫爾納克省
082	トゥンジェリ県	Tunceli	Tunceli	Tunceli	Tunceli	Tunceli	通杰利省	툰젤리 주	通傑利省
083	ヤロワ県	Yalova	Yalova	Yalova	Yalova	Yalova	亚罗法省	얄로바 주	亞羅法省