000,—,—,—,—,—,—,—,—
002,アッティカ,Attica,Attique,Attika,Attica,Ática,阿提卡大区,아티카
003,中央ギリシャ,Central Greece,Grèce-Centrale,Mittelgriechenland,Grecia Centrale,Grecia Central,中希腊大区,중부 그리스
004,中央マケドニア,Central Macedonia,Macédoine-Centrale,Zentralmakedonien,Macedonia Centrale,Macedonia Central,中马其顿大区,중부 마케도니아
005,クレタ,Crete,Crète,Kreta,Creta,Creta,克里特大区,크레타
006,東マケドニア・トラキア,East Macedonia and Thrace,Macédoine-Orientale-et-Thrace,Ostmakedonien und Thrakien,Macedonia Orientale e Tracia,Macedonia Oriental y Tracia,东马其顿和色雷斯大区,동부 마케도니아트라키아
007,イピロス,Epirus,Épire,Epirus,Epiro,Epiro,伊庇鲁斯大区,에피루스
008,イオニア,Ionian Islands,Îles Ioniennes,Ionische Inseln,Isole Ionie,Islas Jónicas,爱奥尼亚群岛大区,이오니아 제도
009,北エーゲ,North Aegean,Égée-Septentrionale,Nördliche Ägäis,Egeo Settentrionale,Egeo Septentrional,北爱琴海大区,북부 에게
010,ペロポネソス,Peloponnese,Péloponnèse,Peloponnes,Peloponneso,Peloponeso,伯罗奔尼撒大区,펠로폰네소스
011,南エーゲ,South Aegean,Égée-Méridionale,Südliche Ägäis,Egeo Meridionale,Egeo Meridional,南爱琴海大区,남부 에게
012,テッサリーア,Thessaly,Thessalie,Thessalien,Tessaglia,Tesalia,色萨利大区,테살리아
013,西ギリシャ,West Greece,Grèce-Occidentale,Westgriechenland,Grecia Occidentale,Grecia Occidental,西希腊大区,서부 그리스
014,西マケドニア,West Macedonia,Macédoine-Occidentale,Westmakedonien,Macedonia Occidentale,Macedonia Occidental,西马其顿大区,서부 마케도니아