000,—,—,—,—,—,—,—,—
002,ノールト・ホラント州,North Holland,Hollande-Septentrionale,Nordholland,Olanda Settentrionale,Holanda Septentrional,北荷兰省,노르트홀란트 주
003,ドレンテ州,Drenthe,Drenthe,Drenthe,Drenthe,Drente,德伦特省,드렌터 주
004,フレボラント州,Flevoland,Flevoland,Flevoland,Flevoland,Flevoland,弗莱福兰省,플레볼란트 주
005,フリースラント州,Friesland,Frise,Friesland,Frisia,Frisia,弗里斯兰省,프리슬란트 주
006,ヘルデンラント州,Gelderland,Gueldre,Gelderland,Gheldria,Güeldres,海尔德兰省,헬데를란트 주
007,フローニンゲン州,Groningen,Groningue,Groningen,Groninga,Groninga,格罗宁根省,흐로닝언 주
008,リンビュルフ州,Limburg,Limbourg,Limburg,Limburgo,Limburgo,林堡省,림뷔르흐 주
009,ノールト・ブラバント州,North Brabant,Brabant-Septentrional,Nordbrabant,Brabante Settentrionale,Brabante Septentrional,北布拉班特省,노르트브라반트 주
010,オーベルアイセル州,Overijssel,Overijssel,Overijssel,Overijssel,Overijssel,上艾瑟尔省,오버레이설 주
011,ゾイト・ホラント州,South Holland,Hollande-Méridionale,Südholland,Olanda Meridionale,Holanda Meridional,南荷兰省,자위트홀란트 주
012,ユトレヒト州,Utrecht,Utrecht,Utrecht,Utrecht,Utrecht,乌得勒支省,위트레흐트 주
013,ゼーラント州,Zeeland,Zélande,Zeeland,Zelanda,Zelanda,泽兰省,제일란트 주