000,—,—,—,—,—,—,—,—
002,モンテビデオ,Montevideo,Montevideo,Montevideo,Montevideo,Montevideo,蒙得维的亚省,몬테비데오
003,アルティガス,Artigas,Artigas,Artigas,Artigas,Artigas,阿蒂加斯省,아르티가스
004,カネロネス,Canelones,Canelones,Canelones,Canelones,Canelones,卡内洛内斯省,카넬로네스
005,セロ・ラルゴ,Cerro Largo,Cerro Largo,Cerro Largo,Cerro Largo,Cerro Largo,塞罗拉尔戈省,세로라르고
006,コロニア,Colonia,Colonia,Colonia,Colonia,Colonia,科洛尼亚省,콜로니아
007,ドゥラスノ,Durazno,Durazno,Durazno,Durazno,Durazno,杜拉斯诺省,두라스노
008,フロレス,Flores,Flores,Flores,Flores,Flores,弗洛雷斯省,플로레스
009,フロリダ,Florida,Florida,Florida,Florida,Florida,佛罗里达省,플로리다
010,ラバジェハ,Lavalleja,Lavalleja,Lavalleja,Lavalleja,Lavalleja,拉瓦耶哈省,라바예하
011,マルドナド,Maldonado,Maldonado,Maldonado,Maldonado,Maldonado,马尔多纳多省,말도나도
012,パイサンドゥ,Paysandú,Paysandú,Paysandú,Paysandú,Paysandú,派桑杜省,파이산두
013,リオ・ネグロ,Río Negro,Río Negro,Río Negro,Río Negro,Río Negro,内格罗河省,리오네그로
014,リベラ,Rivera,Rivera,Rivera,Rivera,Rivera,里韦拉省,리베라
015,ロチャ,Rocha,Rocha,Rocha,Rocha,Rocha,罗恰省,로차
016,サルト,Salto,Salto,Salto,Salto,Salto,萨尔托省,살토
017,サン・ホセ,San José,San José,San José,San José,San José,圣何塞省,산호세
018,ソリアノ,Soriano,Soriano,Soriano,Soriano,Soriano,索里亚诺省,소리아노
019,タクアレンボ,Tacuarembó,Tacuarembó,Tacuarembó,Tacuarembó,Tacuarembó,塔夸伦博省,타쿠아렘보
020,トレインタ・イ・トレス,Treinta y Tres,Treinta y Tres,Treinta y Tres,Treinta y Tres,Treinta y Tres,三十三人省,트레인타이트레스