000,—,—,—,—,—,—,—,—
002,リヤド州,Ar Riyad,Riyad,Riad,Al-Riyad,Riad,利雅得地区,리야드 주
003,バーハ州,Al Bahah,Al Bâhah,Baha,Al-Bahah,Al Bahah,巴哈地区,알바하 주
004,メディナ州,Al Madinah,Médine,Medina,Medina,Medina,麦地那地区,메디나 주
005,東部州,Ash Sharqiyah,Province Est,Asch-Scharqiyya,Ash-Sharqiyah,Región Oriental,东部地区,샤르키야 주
006,カスィーム州,Al Qasim,Al Qasim,Qasim,Al-Qasim,Al Qasim,卡西姆地区,카심 주
007,アシール州,'Asir,Assir,Asir,'Asir,Asir,阿西尔地区,아시르 주
008,ハーイル州,Ha'il,Haïl,Hail,Ha'il,Hail,哈伊勒地区,하일 주
009,メッカ州,Makkah,La Mecque,Mekka,Mecca,La Meca,麦加地区,메카 주
010,北部国境州,Al Hudud ash Shamaliyah,Frontière Nord,Al-Hudud asch-schamaliyya,Al-Hudud ash-Shamaliyah,Frontera Norte,北部边疆地区,북부 국경 주
011,ナジュラーン州,Najran,Najran,Nadschran,Najran,Najran,纳季兰地区,나지란 주
012,ジーザーン州,Jizan,Jizan,Dschaizan,Jizan,Jizan,吉赞地区,지잔 주
013,タブーク州,Tabuk,Tabouk,Tabuk,Tabuk,Tabuk,塔布克地区,타부크 주
014,ジャウフ州,Al Jawf,Al Djôf,Dschauf,Al-Jawf,Al Jouf,朱夫地区,자우프 주